{
  "modelo_ganador": "GRU",
  "metricas_ganador": {
    "mae": 0.33916619420051575,
    "rmse": 0.49179898928914223,
    "r2": 0.5990785360336304
  },
  "comparativa_completa": [
    {
      "modelo": "RNN",
      "mae": 0.3507775068283081,
      "rmse": 0.5130065264054321,
      "r2": 0.5637556314468384,
      "epochs_trained": 26,
      "best_val_loss": 0.006434385199099779
    },
    {
      "modelo": "LSTM",
      "mae": 0.33601123094558716,
      "rmse": 0.492381708491176,
      "r2": 0.5981279015541077,
      "epochs_trained": 25,
      "best_val_loss": 0.00606671953573823
    },
    {
      "modelo": "GRU",
      "mae": 0.33916619420051575,
      "rmse": 0.49179898928914223,
      "r2": 0.5990785360336304,
      "epochs_trained": 23,
      "best_val_loss": 0.005983172450214624
    }
  ],
  "analisis": {
    "mejora_sobre_rnn_pct": 6.3,
    "eficiencia": "GRU converge en 23 \u00e9pocas vs 26 de RNN",
    "error_relativo": "30.8%"
  },
  "recomendacion": "Desplegar GRU en producci\u00f3n por mejor balance precisi\u00f3n/eficiencia."
}