{
  "modelo": "GRU",
  "mae": 0.33916619420051575,
  "rmse": 0.49179898928914223,
  "r2": 0.5990785360336304,
  "lookback": 24,
  "epochs_trained": 23,
  "best_val_loss": 0.005983172450214624
}