{
  "modelo": "RNN",
  "mae": 0.3507775068283081,
  "rmse": 0.5130065264054321,
  "r2": 0.5637556314468384,
  "lookback": 24,
  "epochs_trained": 26,
  "best_val_loss": 0.006434385199099779
}