{
  "modelo": "LSTM",
  "mae": 0.33601123094558716,
  "rmse": 0.492381708491176,
  "r2": 0.5981279015541077,
  "lookback": 24,
  "epochs_trained": 25,
  "best_val_loss": 0.00606671953573823
}